Strategy,TeamID,PlayerID,SessionID,Generation,TeamStatus,SessionStatus,Notes,TeamSize
Diachronic,G10,P28,S28,1,bad_ancestor,bad_compliance,Got frustrated and started using cell phone during experiment,2
Diachronic,G10,P35,S35,2,bad_ancestor,valid,NA,2
Diachronic,G133,P313,S313,1,valid,valid,NA,2
Diachronic,G133,P316,S316,2,valid,valid,NA,2
Diachronic,G141,P337,S337,1,incomplete_team,valid,NA,2
Diachronic,G142,P338,S338,1,valid,valid,NA,2
Diachronic,G142,P343,S343,2,valid,valid,NA,2
Diachronic,G143,P339,S339,1,valid,valid,NA,2
Diachronic,G143,P356,S356,2,valid,valid,NA,2
Diachronic,G158,P364,S364,1,bad_ancestor,bad_compliance,got frustrated but participant fully,2
Diachronic,G158,P376,S376,2,bad_ancestor,bad_compliance,"got frustrated, asked for help",2
Diachronic,G16,P36,S36,1,valid,valid,NA,2
Diachronic,G16,P39,S39,2,valid,valid,NA,2
Diachronic,G174,P413,S413,1,valid,valid,NA,2
Diachronic,G174,P414,S414,2,valid,valid,NA,2
Diachronic,G175,P432,S432,1,valid,valid,NA,2
Diachronic,G175,P433,S433,2,valid,valid,NA,2
Diachronic,G176,P435,S435,1,incomplete_team,valid,NA,2
Diachronic,G18,P40,S40,1,valid,valid,NA,2
Diachronic,G18,P53,S53,2,valid,valid,NA,2
Diachronic,G2,P14,S14,1,valid,valid,NA,2
Diachronic,G2,P17,S17,2,valid,valid,NA,2
Diachronic,G208,P618,S618,1,valid,valid,NA,2
Diachronic,G208,P620,S620,2,valid,valid,NA,2
Diachronic,G209,P619,S619,1,valid,valid,NA,2
Diachronic,G209,P621,S621,2,valid,valid,NA,2
Diachronic,G210,P622,S622,1,valid,valid,NA,2
Diachronic,G210,P627,S627,2,valid,valid,NA,2
Diachronic,G217,P646,S646,1,valid,valid,NA,2
Diachronic,G217,P657,S657,2,valid,valid,NA,2
Diachronic,G221,P658,S658,1,valid,valid,NA,2
Diachronic,G221,P660,S660,2,valid,valid,NA,2
Diachronic,G222,P659,S659,1,valid,valid,NA,2
Diachronic,G222,P665,S665,2,valid,valid,NA,2
Diachronic,G227,P676,S676,1,valid,valid,NA,2
Diachronic,G227,P679,S679,2,valid,valid,NA,2
Diachronic,G230,P683,S683,1,valid,valid,NA,2
Diachronic,G230,P686,S686,2,valid,valid,NA,2
Diachronic,G233,P692,S692,1,valid,valid,NA,2
Diachronic,G233,P695,S695,2,valid,valid,NA,2
Diachronic,G237,P705,S705,1,bad_ancestor,bad_compliance,was sleepy and yawning alot,2
Diachronic,G237,P707,S707,2,bad_ancestor,valid,NA,2
Diachronic,G238,P706,S706,1,valid,valid,NA,2
Diachronic,G238,P708,S708,2,valid,valid,NA,2
Diachronic,G241,P716,S716,1,valid,valid,NA,2
Diachronic,G241,P717,S717,2,valid,valid,NA,2
Diachronic,G243,P726,S726,1,bad_ancestor,bad_compliance,got frustrated and was tired,2
Diachronic,G243,P747,S747,2,bad_ancestor,valid,NA,2
Diachronic,G244,P727,S727,1,valid,valid,NA,2
Diachronic,G244,P748,S748,2,valid,valid,NA,2
Diachronic,G264,P749,S749,1,valid,valid,NA,2
Diachronic,G264,P750,S750,2,valid,valid,NA,2
Diachronic,G268,P780,S780,1,valid,valid,NA,2
Diachronic,G268,P789,S789,2,valid,valid,NA,2
Diachronic,G271,P790,S790,1,valid,valid,NA,2
Diachronic,G271,P833,S833,2,valid,valid,NA,2
Diachronic,G272,P791,S791,1,valid,valid,NA,2
Diachronic,G272,P834,S834,2,valid,valid,NA,2
Diachronic,G30,P54,S54,1,valid,valid,NA,2
Diachronic,G30,P55,S55,2,valid,valid,NA,2
Diachronic,G31,P56,S56,1,valid,valid,NA,2
Diachronic,G31,P61,S61,2,valid,valid,NA,2
Diachronic,G36,P66,S66,1,valid,valid,NA,2
Diachronic,G36,P200,S200,2,valid,valid,NA,2
Diachronic,G38,P71,S71,1,valid,valid,NA,2
Diachronic,G38,P155,S155,2,valid,valid,NA,2
Diachronic,G4,P18,S18,1,valid,valid,NA,2
Diachronic,G4,P27,S27,2,valid,valid,NA,2
Diachronic,G41,P75,S75,1,valid,valid,NA,2
Diachronic,G41,P159,S159,2,valid,valid,NA,2
Diachronic,G43,P81,S81,1,valid,valid,NA,2
Diachronic,G43,P167,S167,2,valid,valid,NA,2
Diachronic,G47,P86,S86,1,incomplete_team,valid,NA,2
Diachronic,G48,P88,S88,1,valid,valid,NA,2
Diachronic,G48,P171,S171,2,valid,valid,NA,2
Diachronic,G49,P90,S90,1,valid,valid,NA,2
Diachronic,G49,P172,S172,2,valid,valid,NA,2
Diachronic,G50,P92,S92,1,valid,valid,NA,2
Diachronic,G50,P173,S173,2,valid,valid,NA,2
Diachronic,G51,P95,S95,1,bad_ancestor,bad_compliance,visibly frustrated but fully participated,2
Diachronic,G51,P178,S178,2,bad_ancestor,valid,NA,2
Diachronic,G52,P97,S97,1,valid,valid,NA,2
Diachronic,G52,P98,S98,2,valid,valid,NA,2
Diachronic,G54,P101,S101,1,valid,valid,NA,2
Diachronic,G54,P106,S106,2,valid,valid,NA,2
Diachronic,G57,P107,S107,1,valid,valid,NA,2
Diachronic,G57,P109,S109,2,valid,valid,NA,2
Diachronic,G59,P111,S111,1,valid,valid,NA,2
Diachronic,G59,P113,S113,2,valid,valid,NA,2
Diachronic,G62,P117,S117,1,valid,valid,NA,2
Diachronic,G62,P118,S118,2,valid,valid,NA,2
Diachronic,G63,P119,S119,1,bad_ancestor,bad_compliance,Needed instructions given to him a second time after game started,2
Diachronic,G63,P120,S120,2,bad_ancestor,valid,NA,2
Diachronic,G64,P121,S121,1,valid,valid,NA,2
Diachronic,G64,P124,S124,2,valid,valid,NA,2
Diachronic,G65,P125,S125,1,valid,valid,NA,2
Diachronic,G65,P126,S126,2,valid,valid,NA,2
Diachronic,G66,P128,S128,1,valid,valid,NA,2
Diachronic,G66,P194,S194,2,valid,valid,NA,2
Diachronic,G67,P130,S130,1,valid,valid,NA,2
Diachronic,G67,P132,S132,2,valid,valid,NA,2
Diachronic,G68,P135,S135,1,valid,valid,NA,2
Diachronic,G68,P195,S195,2,valid,valid,NA,2
Diachronic,G69,P137,S137,1,valid,valid,NA,2
Diachronic,G69,P196,S196,2,valid,valid,NA,2
Diachronic,G70,P139,S139,1,valid,valid,NA,2
Diachronic,G70,P197,S197,2,valid,valid,NA,2
Diachronic,G71,P147,S147,1,valid,valid,NA,2
Diachronic,G71,P148,S148,2,valid,valid,NA,2
Diachronic,G72,P149,S149,1,valid,valid,NA,2
Diachronic,G72,P150,S150,2,valid,valid,NA,2
Diachronic,G74,P153,S153,1,valid,valid,NA,2
Diachronic,G74,P198,S198,2,valid,valid,NA,2
Diachronic,G75,P154,S154,1,valid,valid,NA,2
Diachronic,G75,P199,S199,2,valid,valid,NA,2
Diachronic,G10,P28,S28,1,bad_ancestor,bad_compliance,Got frustrated and started using cell phone during experiment,4
Diachronic,G10,P35,S35,2,bad_ancestor,valid,NA,4
Diachronic,G10,P544,S544,3,bad_ancestor,valid,NA,4
Diachronic,G10,P591,S591,4,bad_ancestor,valid,NA,4
Diachronic,G133,P313,S313,1,bad_ancestor,valid,NA,4
Diachronic,G133,P316,S316,2,bad_ancestor,valid,NA,4
Diachronic,G133,P317,S317,3,bad_ancestor,bad_compliance,"Got frustrated at first, and playing phones during the break. He was guessing during last 10 min, and showed impatience.",4
Diachronic,G133,P336,S336,4,bad_ancestor,valid,NA,4
Diachronic,G141,P337,S337,1,incomplete_team,valid,NA,4
Diachronic,G142,P338,S338,1,valid,valid,NA,4
Diachronic,G142,P343,S343,2,valid,valid,NA,4
Diachronic,G142,P357,S357,3,valid,valid,NA,4
Diachronic,G142,P363,S363,4,valid,valid,NA,4
Diachronic,G143,P339,S339,1,bad_ancestor,valid,NA,4
Diachronic,G143,P356,S356,2,bad_ancestor,valid,NA,4
Diachronic,G143,P362,S362,3,bad_ancestor,valid,NA,4
Diachronic,G143,P377,S377,4,bad_ancestor,bad_compliance,"got frustrated, put head on desk",4
Diachronic,G158,P364,S364,1,bad_ancestor,bad_compliance,got frustrated but participant fully,4
Diachronic,G158,P376,S376,2,bad_ancestor,bad_compliance,"got frustrated, asked for help",4
Diachronic,G158,P412,S412,3,bad_ancestor,valid,NA,4
Diachronic,G158,P431,S431,4,bad_ancestor,valid,NA,4
Diachronic,G16,P36,S36,1,valid,valid,NA,4
Diachronic,G16,P39,S39,2,valid,valid,NA,4
Diachronic,G16,P559,S559,3,valid,valid,NA,4
Diachronic,G16,P592,S592,4,valid,valid,NA,4
Diachronic,G174,P413,S413,1,valid,valid,NA,4
Diachronic,G174,P414,S414,2,valid,valid,NA,4
Diachronic,G174,P430,S430,3,valid,valid,NA,4
Diachronic,G174,P434,S434,4,valid,valid,NA,4
Diachronic,G175,P432,S432,1,valid,valid,NA,4
Diachronic,G175,P433,S433,2,valid,valid,NA,4
Diachronic,G175,P560,S560,3,valid,valid,NA,4
Diachronic,G175,P593,S593,4,valid,valid,NA,4
Diachronic,G176,P435,S435,1,incomplete_team,valid,NA,4
Diachronic,G18,P40,S40,1,valid,valid,NA,4
Diachronic,G18,P53,S53,2,valid,valid,NA,4
Diachronic,G18,P575,S575,3,valid,valid,NA,4
Diachronic,G18,P595,S595,4,valid,valid,NA,4
Diachronic,G2,P14,S14,1,valid,valid,NA,4
Diachronic,G2,P17,S17,2,valid,valid,NA,4
Diachronic,G2,P584,S584,3,valid,valid,NA,4
Diachronic,G2,P589,S589,4,valid,valid,NA,4
Diachronic,G208,P618,S618,1,valid,valid,NA,4
Diachronic,G208,P620,S620,2,valid,valid,NA,4
Diachronic,G208,P628,S628,3,valid,valid,NA,4
Diachronic,G208,P643,S643,4,valid,valid,NA,4
Diachronic,G209,P619,S619,1,valid,valid,NA,4
Diachronic,G209,P621,S621,2,valid,valid,NA,4
Diachronic,G209,P631,S631,3,valid,valid,NA,4
Diachronic,G209,P644,S644,4,valid,valid,NA,4
Diachronic,G210,P622,S622,1,valid,valid,NA,4
Diachronic,G210,P627,S627,2,valid,valid,NA,4
Diachronic,G210,P640,S640,3,valid,valid,NA,4
Diachronic,G210,P645,S645,4,valid,valid,NA,4
Diachronic,G217,P646,S646,1,valid,valid,NA,4
Diachronic,G217,P657,S657,2,valid,valid,NA,4
Diachronic,G217,P668,S668,3,valid,valid,NA,4
Diachronic,G217,P675,S675,4,valid,valid,NA,4
Diachronic,G221,P658,S658,1,valid,valid,NA,4
Diachronic,G221,P660,S660,2,valid,valid,NA,4
Diachronic,G221,P666,S666,3,valid,valid,NA,4
Diachronic,G221,P671,S671,4,valid,valid,NA,4
Diachronic,G222,P659,S659,1,valid,valid,NA,4
Diachronic,G222,P665,S665,2,valid,valid,NA,4
Diachronic,G222,P667,S667,3,valid,valid,NA,4
Diachronic,G222,P672,S672,4,valid,valid,NA,4
Diachronic,G227,P676,S676,1,valid,valid,NA,4
Diachronic,G227,P679,S679,2,valid,valid,NA,4
Diachronic,G227,P682,S682,3,valid,valid,NA,4
Diachronic,G227,P690,S690,4,valid,valid,NA,4
Diachronic,G230,P683,S683,1,valid,valid,NA,4
Diachronic,G230,P686,S686,2,valid,valid,NA,4
Diachronic,G230,P687,S687,3,valid,valid,NA,4
Diachronic,G230,P691,S691,4,valid,valid,NA,4
Diachronic,G233,P692,S692,1,valid,valid,NA,4
Diachronic,G233,P695,S695,2,valid,valid,NA,4
Diachronic,G233,P704,S704,3,valid,valid,NA,4
Diachronic,G233,P715,S715,4,valid,valid,NA,4
Diachronic,G237,P705,S705,1,bad_ancestor,bad_compliance,was sleepy and yawning alot,4
Diachronic,G237,P707,S707,2,bad_ancestor,valid,NA,4
Diachronic,G237,P713,S713,3,bad_ancestor,valid,NA,4
Diachronic,G237,P723,S723,4,bad_ancestor,valid,NA,4
Diachronic,G238,P706,S706,1,valid,valid,NA,4
Diachronic,G238,P708,S708,2,valid,valid,NA,4
Diachronic,G238,P714,S714,3,valid,valid,NA,4
Diachronic,G238,P724,S724,4,valid,valid,NA,4
Diachronic,G241,P716,S716,1,bad_ancestor,valid,NA,4
Diachronic,G241,P717,S717,2,bad_ancestor,valid,NA,4
Diachronic,G241,P722,S722,3,bad_ancestor,bad_compliance,very tired and sleepy,4
Diachronic,G241,P725,S725,4,bad_ancestor,valid,NA,4
Diachronic,G243,P726,S726,1,bad_ancestor,bad_compliance,got frustrated and was tired,4
Diachronic,G243,P747,S747,2,bad_ancestor,valid,NA,4
Diachronic,G243,P751,S751,3,bad_ancestor,valid,NA,4
Diachronic,G243,P754,S754,4,bad_ancestor,valid,NA,4
Diachronic,G244,P727,S727,1,valid,valid,NA,4
Diachronic,G244,P748,S748,2,valid,valid,NA,4
Diachronic,G244,P752,S752,3,valid,valid,NA,4
Diachronic,G244,P755,S755,4,valid,valid,NA,4
Diachronic,G264,P749,S749,1,valid,valid,NA,4
Diachronic,G264,P750,S750,2,valid,valid,NA,4
Diachronic,G264,P753,S753,3,valid,valid,NA,4
Diachronic,G264,P779,S779,4,valid,valid,NA,4
Diachronic,G268,P780,S780,1,incomplete_team,valid,NA,4
Diachronic,G268,P789,S789,2,incomplete_team,valid,NA,4
Diachronic,G271,P790,S790,1,incomplete_team,valid,NA,4
Diachronic,G271,P833,S833,2,incomplete_team,valid,NA,4
Diachronic,G272,P791,S791,1,incomplete_team,valid,NA,4
Synchronic,G272,P834,S834,2,incomplete_team,valid,NA,4
Synchronic,G30,P54,S54,1,valid,valid,NA,4
Synchronic,G30,P55,S55,2,valid,valid,NA,4
Synchronic,G30,P581,S581,3,valid,valid,NA,4
Synchronic,G30,P605,S605,4,valid,valid,NA,4
Synchronic,G31,P56,S56,1,valid,valid,NA,4
Synchronic,G31,P61,S61,2,valid,valid,NA,4
Synchronic,G31,P580,S580,3,valid,valid,NA,4
Synchronic,G31,P606,S606,4,valid,valid,NA,4
Synchronic,G36,P66,S66,1,valid,valid,NA,4
Synchronic,G36,P200,S200,2,valid,valid,NA,4
Synchronic,G36,P214,S214,3,valid,valid,NA,4
Synchronic,G36,P271,S271,4,valid,valid,NA,4
Synchronic,G38,P71,S71,1,valid,valid,NA,4
Synchronic,G38,P155,S155,2,valid,valid,NA,4
Synchronic,G38,P203,S203,3,valid,valid,NA,4
Synchronic,G38,P235,S235,4,valid,valid,NA,4
Synchronic,G4,P18,S18,1,valid,valid,NA,4
Synchronic,G4,P27,S27,2,valid,valid,NA,4
Synchronic,G4,P537,S537,3,valid,valid,NA,4
Synchronic,G4,P590,S590,4,valid,valid,NA,4
Synchronic,G41,P75,S75,1,valid,valid,NA,4
Synchronic,G41,P159,S159,2,valid,valid,NA,4
Synchronic,G41,P206,S206,3,valid,valid,NA,4
Synchronic,G41,P236,S236,4,valid,valid,NA,4
Synchronic,G43,P81,S81,1,valid,valid,NA,4
Synchronic,G43,P167,S167,2,valid,valid,NA,4
Synchronic,G43,P207,S207,3,valid,valid,NA,4
Synchronic,G43,P239,S239,4,valid,valid,NA,4
Synchronic,G47,P86,S86,1,incomplete_team,valid,NA,4
Synchronic,G47,P573,S573,3,experiment_error,experiment_error,Experiment went long. Possibly ran as Isolated by accident?,4
Synchronic,G48,P88,S88,1,valid,valid,NA,4
Synchronic,G48,P171,S171,2,valid,valid,NA,4
Synchronic,G48,P208,S208,3,valid,valid,NA,4
Synchronic,G48,P240,S240,4,valid,valid,NA,4
Synchronic,G49,P90,S90,1,valid,valid,NA,4
Synchronic,G49,P172,S172,2,valid,valid,NA,4
Synchronic,G49,P209,S209,3,valid,valid,NA,4
Synchronic,G49,P254,S254,4,valid,valid,NA,4
Synchronic,G50,P92,S92,1,valid,valid,NA,4
Synchronic,G50,P173,S173,2,valid,valid,NA,4
Synchronic,G50,P210,S210,3,valid,valid,NA,4
Synchronic,G50,P260,S260,4,valid,valid,NA,4
Synchronic,G51,P95,S95,1,bad_ancestor,bad_compliance,visibly frustrated but fully participated,4
Synchronic,G51,P178,S178,2,bad_ancestor,valid,NA,4
Synchronic,G51,P213,S213,3,bad_ancestor,valid,NA,4
Synchronic,G51,P262,S262,4,bad_ancestor,valid,NA,4
Synchronic,G52,P97,S97,1,valid,valid,NA,4
Synchronic,G52,P98,S98,2,valid,valid,NA,4
Synchronic,G52,P574,S574,3,valid,valid,NA,4
Synchronic,G52,P594,S594,4,valid,valid,NA,4
Synchronic,G54,P101,S101,1,valid,valid,NA,4
Synchronic,G54,P106,S106,2,valid,valid,NA,4
Synchronic,G54,P507,S507,3,valid,valid,NA,4
Synchronic,G54,P596,S596,4,valid,valid,NA,4
Synchronic,G57,P107,S107,1,valid,valid,NA,4
Synchronic,G57,P109,S109,2,valid,valid,NA,4
Synchronic,G57,P505,S505,3,valid,valid,NA,4
Synchronic,G57,P588,S588,4,valid,valid,NA,4
Synchronic,G59,P111,S111,1,valid,valid,NA,4
Synchronic,G59,P113,S113,2,valid,valid,NA,4
Synchronic,G59,P504,S504,3,valid,valid,NA,4
Synchronic,G59,P586,S586,4,valid,valid,NA,4
Synchronic,G62,P117,S117,1,valid,valid,NA,4
Synchronic,G62,P118,S118,2,valid,valid,NA,4
Synchronic,G62,P506,S506,3,valid,valid,NA,4
Synchronic,G62,P587,S587,4,valid,valid,NA,4
Synchronic,G63,P119,S119,1,bad_ancestor,bad_compliance,Needed instructions given to him a second time after game started,4
Synchronic,G63,P120,S120,2,bad_ancestor,valid,NA,4
Synchronic,G63,P583,S583,3,bad_ancestor,valid,NA,4
Synchronic,G63,P598,S598,4,bad_ancestor,valid,NA,4
Synchronic,G64,P121,S121,1,valid,valid,NA,4
Synchronic,G64,P124,S124,2,valid,valid,NA,4
Synchronic,G64,P582,S582,3,valid,valid,NA,4
Synchronic,G64,P604,S604,4,valid,valid,NA,4
Synchronic,G65,P125,S125,1,valid,valid,NA,4
Synchronic,G65,P126,S126,2,valid,valid,NA,4
Synchronic,G65,P562,S562,3,valid,valid,NA,4
Synchronic,G65,P607,S607,4,valid,valid,NA,4
Synchronic,G66,P128,S128,1,bad_ancestor,valid,NA,4
Synchronic,G66,P194,S194,2,bad_ancestor,valid,NA,4
Synchronic,G66,P215,S215,3,bad_ancestor,bad_compliance,"Stopped trying after he finished making the items the ancestor made (ancestor had 1199 points, so that took up most of his time)",4
Synchronic,G66,P272,S272,4,bad_ancestor,valid,NA,4
Synchronic,G67,P130,S130,1,valid,valid,NA,4
Synchronic,G67,P132,S132,2,valid,valid,NA,4
Synchronic,G67,P561,S561,3,valid,valid,NA,4
Synchronic,G67,P608,S608,4,valid,valid,NA,4
Synchronic,G68,P135,S135,1,bad_ancestor,valid,NA,4
Synchronic,G68,P195,S195,2,bad_ancestor,valid,NA,4
Synchronic,G68,P216,S216,3,bad_ancestor,bad_compliance,Didn't get up to the same level as her ancestor,4
Synchronic,G68,P279,S279,4,bad_ancestor,valid,NA,4
Synchronic,G69,P137,S137,1,valid,valid,NA,4
Synchronic,G69,P196,S196,2,valid,valid,NA,4
Synchronic,G69,P217,S217,3,valid,valid,NA,4
Synchronic,G69,P280,S280,4,valid,valid,NA,4
Synchronic,G70,P139,S139,1,valid,valid,NA,4
Synchronic,G70,P197,S197,2,valid,valid,NA,4
Synchronic,G70,P222,S222,3,valid,valid,NA,4
Synchronic,G70,P297,S297,4,valid,valid,NA,4
Synchronic,G71,P147,S147,1,valid,valid,NA,4
Synchronic,G71,P148,S148,2,valid,valid,NA,4
Synchronic,G71,P539,S539,3,valid,valid,NA,4
Synchronic,G71,P609,S609,4,valid,valid,NA,4
Synchronic,G72,P149,S149,1,valid,valid,NA,4
Synchronic,G72,P150,S150,2,valid,valid,NA,4
Synchronic,G72,P538,S538,3,valid,valid,NA,4
Synchronic,G72,P616,S616,4,valid,valid,NA,4
Synchronic,G74,P153,S153,1,valid,valid,NA,4
Synchronic,G74,P198,S198,2,valid,valid,NA,4
Synchronic,G74,P223,S223,3,valid,valid,NA,4
Synchronic,G74,P298,S298,4,valid,valid,NA,4
Synchronic,G75,P154,S154,1,valid,valid,NA,4
Synchronic,G75,P199,S199,2,valid,valid,NA,4
Synchronic,G75,P224,S224,3,valid,valid,NA,4
Synchronic,G75,P299,S299,4,valid,valid,NA,4
Synchronic,G107,P231,S231,1,valid,valid,NA,4
Synchronic,G107,P232,S232,1,valid,valid,NA,4
Synchronic,G107,P233,S233,1,valid,valid,NA,4
Synchronic,G107,P234,S234,1,valid,valid,NA,4
Synchronic,G110,P243,S243,1,valid,valid,NA,4
Synchronic,G110,P244,S244,1,valid,valid,NA,4
Synchronic,G110,P245,S245,1,valid,valid,NA,4
Synchronic,G110,P242,S242,1,valid,valid,NA,4
Synchronic,G112,P248,S248,1,valid,valid,NA,4
Synchronic,G112,P249,S249,1,valid,valid,NA,4
Synchronic,G112,P250,S250,1,valid,valid,NA,4
Synchronic,G112,P251,S251,1,valid,valid,NA,4
Synchronic,G114,P255,S255,1,valid,valid,NA,4
Synchronic,G114,P256,S256,1,valid,valid,NA,4
Synchronic,G114,P257,S257,1,valid,valid,NA,4
Synchronic,G114,P258,S258,1,valid,valid,NA,4
Synchronic,G123,P273,S273,1,valid,valid,NA,4
Synchronic,G123,P274,S274,1,valid,valid,NA,4
Synchronic,G123,P275,S275,1,valid,valid,NA,4
Synchronic,G123,P276,S276,1,valid,valid,NA,4
Synchronic,G125,P281,S281,1,valid,valid,NA,4
Synchronic,G125,P282,S282,1,valid,valid,NA,4
Synchronic,G125,P283,S283,1,valid,valid,NA,4
Synchronic,G125,P284,S284,1,valid,valid,NA,4
Synchronic,G126,P285,S285,1,valid,valid,NA,4
Synchronic,G126,P286,S286,1,valid,valid,NA,4
Synchronic,G126,P287,S287,1,valid,valid,NA,4
Synchronic,G126,P288,S288,1,valid,valid,NA,4
Synchronic,G127,P289,S289,1,valid,valid,NA,4
Synchronic,G127,P290,S290,1,valid,valid,NA,4
Synchronic,G127,P291,S291,1,valid,valid,NA,4
Synchronic,G127,P292,S292,1,valid,valid,NA,4
Synchronic,G128,P293,S293,1,valid,valid,NA,4
Synchronic,G128,P294,S294,1,valid,valid,NA,4
Synchronic,G128,P295,S295,1,valid,valid,NA,4
Synchronic,G128,P296,S296,1,valid,valid,NA,4
Synchronic,G130,P301,S301,1,valid,valid,NA,4
Synchronic,G130,P302,S302,1,valid,valid,NA,2
Synchronic,G130,P303,S303,1,valid,valid,NA,2
Synchronic,G130,P304,S304,1,valid,valid,NA,2
Synchronic,G131,P305,S305,1,valid,valid,NA,2
Synchronic,G131,P306,S306,1,valid,valid,NA,2
Synchronic,G131,P307,S307,1,valid,valid,NA,2
Synchronic,G131,P308,S308,1,valid,valid,NA,2
Synchronic,G132,P309,S309,1,valid,valid,NA,2
Synchronic,G132,P310,S310,1,valid,valid,NA,2
Synchronic,G132,P311,S311,1,valid,valid,NA,2
Synchronic,G132,P312,S312,1,valid,valid,NA,2
Synchronic,G137,P320,S320,1,valid,valid,NA,2
Synchronic,G137,P321,S321,1,valid,valid,NA,2
Synchronic,G137,P322,S322,1,valid,valid,NA,2
Synchronic,G137,P323,S323,1,valid,valid,NA,2
Synchronic,G138,P324,S324,1,valid,valid,NA,2
Synchronic,G138,P325,S325,1,valid,valid,NA,2
Synchronic,G138,P326,S326,1,valid,valid,NA,2
Synchronic,G138,P327,S327,1,valid,valid,NA,2
Synchronic,G139,P328,S328,1,valid,valid,NA,2
Synchronic,G139,P329,S329,1,valid,valid,NA,2
Synchronic,G139,P330,S330,1,valid,valid,NA,2
Synchronic,G139,P331,S331,1,valid,valid,NA,2
Synchronic,G140,P332,S332,1,valid,valid,NA,2
Synchronic,G140,P333,S333,1,valid,valid,NA,2
Synchronic,G140,P334,S334,1,valid,valid,NA,2
Synchronic,G140,P335,S335,1,valid,valid,NA,2
Synchronic,G157,P358,S358,1,valid,valid,NA,2
Synchronic,G157,P359,S359,1,valid,valid,NA,2
Synchronic,G157,P360,S360,1,valid,valid,NA,2
Synchronic,G157,P361,S361,1,valid,valid,NA,2
Synchronic,G188,P476,S476,1,valid,valid,NA,2
Synchronic,G188,P477,S477,1,valid,valid,NA,2
Synchronic,G188,P479,S479,1,valid,valid,NA,2
Synchronic,G188,P478,S478,1,valid,valid,NA,2
Synchronic,G189,P480,S480,1,valid,valid,NA,2
Synchronic,G189,P481,S481,1,valid,valid,NA,2
Synchronic,G189,P482,S482,1,valid,valid,NA,2
Synchronic,G189,P483,S483,1,valid,valid,NA,2
Synchronic,G191,P496,S496,1,valid,valid,NA,2
Synchronic,G191,P497,S497,1,valid,valid,NA,2
Synchronic,G191,P498,S498,1,valid,valid,NA,2
Synchronic,G191,P499,S499,1,valid,valid,NA,2
Synchronic,G192,P500,S500,1,valid,valid,NA,2
Synchronic,G192,P501,S501,1,valid,valid,NA,2
Synchronic,G192,P502,S502,1,valid,valid,NA,2
Synchronic,G192,P503,S503,1,valid,valid,NA,2
Synchronic,G198,P540,S540,1,valid,valid,NA,2
Synchronic,G198,P541,S541,1,valid,valid,NA,2
Synchronic,G198,P542,S542,1,valid,valid,NA,2
Synchronic,G198,P543,S543,1,valid,valid,NA,2
Synchronic,G200,P555,S555,1,valid,valid,NA,2
Synchronic,G200,P556,S556,1,valid,valid,NA,2
Synchronic,G200,P557,S557,1,valid,valid,NA,2
Synchronic,G200,P558,S558,1,valid,valid,NA,2
Synchronic,G201,P563,S563,1,valid,valid,NA,2
Synchronic,G201,P564,S564,1,valid,valid,NA,2
Synchronic,G201,P565,S565,1,valid,valid,NA,2
Synchronic,G201,P566,S566,1,valid,valid,NA,2
Synchronic,G202,P576,S576,1,valid,valid,NA,2
Synchronic,G202,P577,S577,1,valid,valid,NA,2
Synchronic,G202,P578,S578,1,valid,valid,NA,2
Synchronic,G202,P579,S579,1,valid,valid,NA,2
Synchronic,G206,P610,S610,1,valid,valid,NA,2
Synchronic,G206,P611,S611,1,valid,valid,NA,2
Synchronic,G206,P612,S612,1,valid,valid,NA,2
Synchronic,G206,P613,S613,1,valid,valid,NA,2
Synchronic,G211,P623,S623,1,valid,valid,NA,2
Synchronic,G211,P624,S624,1,valid,valid,NA,2
Synchronic,G211,P625,S625,1,valid,valid,NA,2
Synchronic,G211,P626,S626,1,valid,valid,NA,2
Synchronic,G214,P634,S634,1,valid,valid,NA,2
Synchronic,G214,P635,S635,1,valid,valid,NA,2
Synchronic,G214,P636,S636,1,valid,valid,NA,2
Synchronic,G214,P637,S637,1,valid,valid,NA,2
Synchronic,G219,P649,S649,1,valid,valid,NA,2
Synchronic,G219,P650,S650,1,valid,valid,NA,2
Synchronic,G219,P651,S651,1,valid,valid,NA,2
Synchronic,G219,P652,S652,1,valid,valid,NA,2
Synchronic,G220,P653,S653,1,valid,valid,NA,2
Synchronic,G220,P654,S654,1,valid,valid,NA,2
Synchronic,G220,P655,S655,1,valid,valid,NA,2
Synchronic,G220,P656,S656,1,valid,valid,NA,2
Synchronic,G235,P696,S696,1,valid,valid,NA,2
Synchronic,G235,P697,S697,1,valid,valid,NA,2
Synchronic,G235,P698,S698,1,valid,valid,NA,2
Synchronic,G235,P699,S699,1,valid,valid,NA,2
Synchronic,G236,P700,S700,1,valid,valid,NA,2
Synchronic,G236,P701,S701,1,valid,valid,NA,2
Synchronic,G236,P702,S702,1,valid,valid,NA,2
Synchronic,G236,P703,S703,1,valid,valid,NA,2
Synchronic,G242,P718,S718,1,valid,valid,NA,2
Synchronic,G242,P719,S719,1,valid,valid,NA,2
Synchronic,G242,P720,S720,1,valid,valid,NA,2
Synchronic,G242,P721,S721,1,valid,valid,NA,2
Synchronic,G269,P781,S781,1,valid,valid,NA,2
Synchronic,G269,P782,S782,1,valid,valid,NA,2
Synchronic,G269,P783,S783,1,valid,valid,NA,2
Synchronic,G269,P784,S784,1,valid,valid,NA,2
Synchronic,G270,P785,S785,1,valid,valid,NA,2
Synchronic,G270,P786,S786,1,valid,valid,NA,2
Synchronic,G270,P787,S787,1,valid,valid,NA,2
Synchronic,G270,P788,S788,1,valid,valid,NA,2
Synchronic,G273,P792,S792,1,valid,valid,NA,2
Synchronic,G273,P793,S793,1,valid,valid,NA,2
Synchronic,G273,P794,S794,1,valid,valid,NA,2
Synchronic,G273,P795,S795,1,valid,valid,NA,2
Synchronic,G274,P796,S796,1,valid,valid,NA,2
,G274,P797,S797,1,valid,valid,NA,
,G274,P798,S798,1,valid,valid,NA,
,G274,P799,S799,1,valid,valid,NA,
,G275,P835,S835,1,valid,valid,NA,
,G275,P836,S836,1,valid,valid,NA,
,G275,P837,S837,1,valid,valid,NA,
,G275,P838,S838,1,valid,valid,NA,
,G1,P12,S12,1,valid,valid,NA,
,G1,P13,S13,1,valid,valid,NA,
,G3,P15,S15,1,valid,valid,NA,
,G3,P16,S16,1,valid,valid,NA,
,G9,P25,S25,1,valid,valid,NA,
,G9,P26,S26,1,valid,valid,NA,
,G15,P33,S33,1,valid,valid,NA,
,G15,P34,S34,1,valid,valid,NA,
,G17,P37,S37,1,valid,valid,NA,
,G17,P38,S38,1,valid,valid,NA,
,G29,P51,S51,1,valid,valid,NA,
,G29,P52,S52,1,valid,valid,NA,
,G32,P57,S57,1,valid,valid,NA,
,G32,P58,S58,1,valid,valid,NA,
,G33,P59,S59,1,valid,valid,NA,
,G33,P60,S60,1,valid,valid,NA,
,G34,P62,S62,1,valid,valid,NA,
,G34,P63,S63,1,valid,valid,NA,
,G35,P64,S64,1,valid,valid,NA,
,G35,P65,S65,1,valid,valid,NA,
,G37,P69,S69,1,valid,valid,NA,
,G37,P70,S70,1,valid,valid,NA,
,G39,P72,S72,1,valid,valid,NA,
,G39,P74,S74,1,valid,valid,NA,
,G40,P76,S76,1,valid,valid,NA,
,G42,P79,S79,1,valid,valid,NA,
,G40,P78,S78,1,valid,valid,NA,
,G42,P80,S80,1,valid,valid,NA,
,G53,P99,S99,1,valid,valid,NA,
,G53,P100,S100,1,valid,valid,NA,
,G55,P102,S102,1,valid,valid,NA,
,G55,P103,S103,1,valid,valid,NA,
,G56,P104,S104,1,valid,valid,NA,
,G56,P105,S105,1,valid,valid,NA,
,G58,P108,S108,1,valid,valid,NA,
,G58,P110,S110,1,valid,valid,NA,
,G60,P112,S112,1,valid,valid,NA,
,G60,P114,S114,1,valid,valid,NA,
,G61,P115,S115,1,valid,valid,NA,
,G61,P116,S116,1,valid,valid,NA,
,G73,P152,S152,1,valid,valid,NA,
,G73,P151,S151,1,valid,valid,NA,
,G77,P157,S157,1,experiment_error,experiment_error,"Game froze, didnt finish or take survey",
,G77,P158,S158,1,experiment_error,experiment_error,"Couldnt finish or take survey , game froze mid way through",
,G84,P174,S174,1,valid,valid,NA,
,G84,P175,S175,1,valid,valid,NA,
,G85,P176,S176,1,valid,valid,NA,
,G85,P177,S177,1,valid,valid,NA,
,G86,P179,S179,1,valid,valid,NA,
,G86,P180,S180,1,valid,valid,NA,
,G101,P204,S204,1,valid,valid,NA,
,G101,P205,S205,1,valid,valid,NA,
,G102,P211,S211,1,valid,valid,NA,
,G102,P212,S212,1,valid,valid,NA,
,G103,P218,S218,1,valid,valid,NA,
,G103,P219,S219,1,valid,valid,NA,
,G104,P220,S220,1,valid,valid,NA,
,G104,P221,S221,1,valid,valid,NA,
,G106,P227,S227,1,valid,valid,NA,
,G106,P228,S228,1,valid,valid,NA,
,G108,P237,S237,1,valid,valid,NA,
,G108,P238,S238,1,valid,valid,NA,
,G111,P246,S246,1,valid,valid,NA,
,G111,P247,S247,1,valid,valid,NA,
,G113,P253,S253,1,valid,valid,NA,
,G113,P252,S252,1,valid,valid,NA,
,G115,P259,S259,1,valid,valid,NA,
,G115,P261,S261,1,valid,valid,NA,
,G122,P269,S269,1,bad_teammate,bad_compliance,was playing with phone in the begining,
,G122,P270,S270,1,bad_teammate,valid,NA,
,G124,P277,S277,1,valid,valid,NA,
,G124,P278,S278,1,valid,valid,NA,
,G136,P318,S318,1,valid,valid,NA,
,G136,P319,S319,1,valid,valid,NA,
,G144,P341,S341,1,valid,valid,didn't do survey,
,G144,P342,S342,1,valid,valid,didn't do survey,
,G207,P615,S615,1,valid,valid,NA,
,G207,P614,S614,1,valid,valid,NA,
,G212,P629,S629,1,valid,valid,NA,
,G212,P630,S630,1,valid,valid,NA,
,G213,P632,S632,1,valid,valid,NA,
,G213,P633,S633,1,valid,valid,NA,
,G215,P638,S638,1,valid,valid,NA,
,G215,P639,S639,1,valid,valid,NA,
,G216,P641,S641,1,valid,valid,NA,
,G216,P642,S642,1,valid,valid,NA,
,G218,P647,S647,1,valid,valid,NA,
,G218,P648,S648,1,valid,valid,NA,
,G223,P661,S661,1,valid,valid,NA,
,G223,P662,S662,1,valid,valid,NA,
,G224,P663,S663,1,valid,valid,NA,
,G224,P664,S664,1,valid,valid,NA,
,G225,P669,S669,1,valid,valid,NA,
,G225,P670,S670,1,valid,valid,NA,
,G226,P673,S673,1,valid,valid,NA,
,G226,P674,S674,1,valid,valid,NA,
,G228,P677,S677,1,valid,valid,NA,
,G228,P678,S678,1,valid,valid,NA,
,G229,P680,S680,1,valid,valid,NA,
,G229,P681,S681,1,valid,valid,NA,
,G231,P684,S684,1,valid,valid,NA,
,G231,P685,S685,1,valid,valid,NA,
,G232,P688,S688,1,valid,valid,NA,
,G232,P689,S689,1,valid,valid,NA,
,G234,P693,S693,1,valid,valid,NA,
,G234,P694,S694,1,valid,valid,NA,
,G267,P777,S777,1,valid,valid,NA,
,G267,P778,S778,1,valid,valid,NA,