Sona,SubjID,Strategy,Gsize,Duration,Room,Date,Initials,Compliance,Notes,TeamStatus,SessionStatus,535,333,6,0
TOT,12,Synchronic,2,25,Kramer,1/25/2017,PME,5,,,,,,,
TOT,13,Synchronic,2,25,George,1/25/2017,PME,5,,,,,,,
TOT,14,Diachronic,,25,Elaine,1/25/2017,PME,5,,,,,,,
TOT,15,Synchronic,2,25,Jerry,1/25/2017,PME,5,,,,,,,
TOT,16,Synchronic,2,25,Elaine,1/25/2017,PME,5,,,,,,,
TOT,18,Diachronic,,25,Kramer,1/25/2017,PME,5,,,,,,,
TOT,17,Diachronic,,25,George,1/25/2017,PME,5,,,,,,,
TOI,19,Isolated,,25,Kramer,1/25/2017,PME,5,,,,,,,
TOI,20,Isolated,,25,George,1/25/2017,PME,5,,,,,,,
TOI,21,Isolated,,25,Elaine,1/25/2017,PME,5,,,,,,,
TOI,22,Isolated,,25,Jerry,1/25/2017,PME,5,,,,,,,
TOT,25,Synchronic,2,25,Kramer,1/30/2017,HS,5,,,,,,,
TOT,26,Synchronic,2,25,George,1/30/2017,HS,5,,,,,,,
TOT,27,Diachronic,,25,Elaine,1/30/2017,HS,5,,,,,,,
TOT,28,Diachronic,,25,Jerry,1/30/2017,HS,3,Got frustrated and started using cell phone during experiment,,,,,,
TOI,29,Isolated,,25,Kramer,1/31/2017,HS,5,,,,,,,
TOI,30,Isolated,,25,George,1/31/2017,HS,5,,,,,,,
TOI,31,Isolated,,25,Elaine,1/31/2017,HS,5,,,,,,,
TOI,32,Isolated,,25,Jerry,1/31/2017,HS,5,,,,,,,
TOT,33,Synchronic,2,25,Kramer,1/31/2017,HS,5,,,,,,,
TOT,34,Synchronic,2,25,George,1/31/2017,HS,5,,,,,,,
TOT,35,Diachronic,,25,Elaine,1/31/2017,HS,5,,,,,,,
TOT,36,Diachronic,,25,Jerry,1/31/2017,HS,5,,,,,,,
TOT,37,Synchronic,2,25,Kramer,2/2/2017,HS,5,,,,,,,
TOT,38,Synchronic,2,25,George,2/2/2017,HS,5,,,,,,,
TOT,39,Diachronic,,25,Elaine,2/2/2017,HS,5,,,,,,,
TOT,40,Diachronic,,25,Jerry,2/2/2017,HS,5,,,,,,,
TOI,41,Isolated,,25,Kramer,2/3/2017,MP,5,,,,,,,
TOI,42,Isolated,,25,George,2/3/2017,MP,5,,,,,,,
TOI,43,Isolated,,25,Elaine,2/3/2017,MP,5,,,,,,,
TOI,44,Isolated,,25,Jerry,2/3/2017,MP,5,,,,,,,
TOI,45,Isolated,,25,Kramer,2/3/2017,ZH,5,,,,,,,
TOI,46,Isolated,,25,George,2/3/2017,ZH,5,,,,,,,
TOI,47,Isolated,,25,Elaine,2/3/2017,ZH,5,,,,,,,
TOI,48,Isolated,,25,Jerry,2/3/2017,ZH,5,,,,,,,
TOI,49,Isolated,,25,Kramer,2/3/2017,ZH,5,,,,,,,
TOI,50,Isolated,,25,George,2/3/2017,ZH,5,,,,,,,
TOT,51,Synchronic,2,25,Kramer,2/6/2017,HS,5,,,,,,,
TOT,52,Synchronic,2,25,George,2/6/2017,HS,5,,,,,,,
TOT,53,Diachronic,,25,Elaine,2/6/2017,HS,5,,,,,,,
TOT,54,Diachronic,,25,Elaine,2/6/2017,HS,5,,,,,,,
TOT,57,Synchronic,2,25,Kramer,2/6/2017,HS,5,,,,,,,
TOT,58,Synchronic,2,25,George,2/6/2017,HS,5,,,,,,,
TOT,56,Diachronic,,25,Elaine,2/6/2017,HS,5,,,,,,,
TOT,55,Diachronic,,25,Jerry,2/6/2017,HS,5,,,,,,,
TOT,59,Synchronic,2,25,Kramer,2/6/2017,JR,5,,,,,,,
TOT,60,Synchronic,2,25,George,2/6/2017,JR,5,,,,,,,
TOT,61,Diachronic,,25,Elaine,2/6/2017,JR,5,,,,,,,
TOT,62,Synchronic,2,25,Kramer,2/6/2017,JR,5,,,,,,,
TOT,63,Synchronic,2,25,George,2/6/2017,JR,5,,,,,,,
TOT,64,Synchronic,2,25,Kramer,2/7/2017,HS,5,,,,,,,
TOT,65,Synchronic,2,25,George,2/7/2017,HS,5,,,,,,,
TOT,66,Diachronic,,25,Elaine,2/7/2017,HS,5,,,,,,,
TOT,69,Synchronic,2,25,George,2/9/2017,MP,5,,,,,,,
TOT,70,Synchronic,2,25,Jerry,2/9/2017,MP,5,,,,,,,
TOT,71,Diachronic,,25,Kramer,2/10/2017,MP,5,,,,,,,
TOT,72,Synchronic,2,25,George,2/10/2017,MP,5,,,,,,,
TOT,73,Diachronic,,25,Elaine,2/10/2017,MP,5,,,,,,,
TOT,74,Synchronic,2,25,Jerry,2/10/2017,MP,5,,,,,,,
TOT,76,Synchronic,2,25,George,2/10/2017,ZH,5,,,,,,,
TOT,79,Synchronic,2,25,George,2/10/2017,ZH,5,"
",,,,,,
TOT,78,Synchronic,2,25,Jerry,2/10/2017,ZH,5,,,,,,,
TOT,80,Synchronic,2,25,Jerry,2/10/2017,ZH,5,,,,,,,
TOT,75,Diachronic,,25,Kramer,2/10/2017,ZH,5,,,,,,,
"
TOT",81,Diachronic,,25,Elaine,2/10/2017,ZH,5,,,,,,,
TOI,83,Isolated,,25,Kramer,2/14/2017,ZH,5,,,,,,,
TOI,84,Isolated,,25,George,2/14/2017,ZH,5,,,,,,,
TOI,85,Isolated,,25,Elaine,2/14/2017,ZH,5,,,,,,,
TOT,86,Diachronic,,25,Kramer,2/14/2017,ZH,5,,,,,,,
TOT,88,Diachronic,,25,Elaine,2/14/2017,ZH,5,,,,,,,
TOT,89,Diachronic,,25,Elaine,2/14/2017,ZH,5,,,,,,,
TOT,91,Diachronic,,25,Kramer,2/15/2017,ZH,5,,,,,,,
TOT,90,Diachronic,,25,George,2/15/2017,ZH,5,,,,,,,
TOT,93,Diachronic,,25,Elaine,2/15/2017,ZH,5,,,,,,,
TOT,92,Diachronic,,25,Jerry,2/15/2017,ZH,5,,,,,,,
TOT,95,Diachronic,,25,George,2/16/2017,JR,5,visibly frustrated but fully participated,,,,,,
TOT,96,Diachronic,,25,Elaine,2/16/2017,JR,5,,,,,,,
TOT,97,Diachronic,,25,George,2/16/2017,JR,5,,,,,,,
TOT,98,Diachronic,,25,Kramer,2/16/2017,HS,5,,,,,,,
TOT,99,Synchronic,2,25,Kramer,2/20/2017,HS,5,,,,,,,
TOT,100,Synchronic,2,25,George,2/20/2017,HS,5,,,,,,,
TOT,101,Diachronic,,25,Elaine,2/20/2017,HS,5,,,,,,,
TOT,102,Synchronic,2,25,Kramer,2/20/2017,HS,5,,,,,,,
TOT,103,Synchronic,2,25,George,2/20/2017,HS,5,,,,,,,
TOT,104,Synchronic,2,25,Kramer,2/20/2017,ZH,5,,,,,,,
TOT,105,Synchronic,2,25,George,2/20/2017,ZH,5,,,,,,,
TOT,106,Diachronic,,25,Elaine,2/20/2017,ZH,5,,,,,,,
TOT,107,Diachronic,,25,Jerry,2/20/2017,ZH,5,,,,,,,
TOT,108,Synchronic,2,25,Kramer,2/20/2017,ZH,5,,,,,,,
TOT,110,Synchronic,2,25,George,2/20/2017,ZH,5,,,,,,,
TOT,109,Diachronic,,25,Elaine,2/20/2017,ZH,5,,,,,,,
TOT,111,Diachronic,,25,Jerry,2/20/2017,ZH,5,,,,,,,
TOT,112,Synchronic,2,25,Kramer,2/20/2017,ZH,5,,,,,,,
TOT,114,Synchronic,2,25,George,2/20/2017,ZH,5,,,,,,,
TOT,113,Diachronic,,25,Elaine,2/20/2017,ZH,5,,,,,,,
TOT,115,Synchronic,2,25,Kramer,2/23/2017,HS,5,,,,,,,
TOT,116,Synchronic,2,25,George,2/23/2017,HS,5,,,,,,,
TOT,117,Diachronic,,25,Elaine,2/23/2017,HS,5,,,,,,,
TOT,118,Diachronic,,25,George,2/24/2017,MP,5,,,,,,,
TOT,119,Diachronic,,25,Elaine,2/24/2017,MP,5,Needed instructions given to him a second time after game started,,,,,,
TOT,120,Diachronic,,25,George,2/24/2017,MP,5,,,,,,,
TOT,121,Diachronic,,25,Elaine,2/24/2017,MP,5,,,,,,,
TOT,124,Diachronic,,25,Elaine,3/1/2017,ZH,5,,,,,,,
TOT,125,Diachronic,,25,Elaine,3/1/2017,ZH,5,,,,,,,
TOT,126,Diachronic,,25,Kramer,3/1/2017,ZH,5,,,,,,,
TOT,128,Diachronic,,25,Kramer,3/1/2017,ZH,5,,,,,,,
TOT,129,Diachronic,,25,George,3/1/2017,ZH,5,,,,,,,
TOT,130,Diachronic,,25,Elaine,3/1/2017,ZH,5,,,,,,,
TOT,132,Diachronic,,25,Kramer,3/10/2017,SF,5,,,,,,,
TOT,133,Synchronic,2,25,George,3/10/2017,SF,5,"Game froze midway through, unable to complete experiment or take survey",,,,,,
TOT,134,Synchronic,2,25,Elaine,3/10/2017,SF,5,"Game froze midway through, unable to complete experiment or take survey",,,,,,
TOI,138,Isolated,,25,Kramer,3/10/2017,SF,5,Game continued on after hour mark and participant had to leave.  Did not take the survey.,,,,,,
TOT,136,Diachronic,,25,George,3/10/2017,SF,5,Needs to be discarded because inherited 135,,,,,,
TOT,137,Diachronic,,25,Elaine,3/10/2017,SF,5,,,,,,,
TOT,135,Diachronic,,25,Jerry,3/10/2017,SF,5,,,,,,,
TOT,139,Diachronic,,25,George,3/10/2017,SF,5,,,,,,,
TOT,140,Diachronic,,25,Elaine,3/10/2017,SF,5,,,,,,,
TOT,147,Diachronic,,25,Elaine,3/13/2017,JR,5,,,,,,,
TOT,148,Diachronic,,25,Kramer,3/13/2017,MP,5,,,,,,,
TOT,149,Diachronic,,25,George,3/14/2017,JR,5,,,,,,,
TOT,150,Diachronic,,25,Elaine,3/14/2017,JR,5,,,,,,,
TOT,152,Synchronic,2,25,Kramer,3/16/2017,SF,5,,,,,,,
TOT,151,Synchronic,2,25,George,3/16/2017,SF,5,,,,,,,
TOT,153,Diachronic,,25,Elaine,3/16/2017,SF,5,,,,,,,
TOT,154,Diachronic,,25,Jerry,3/16/2017,SF,5,,,,,,,
TOT,155,Diachronic,,25,George,3/27/2017,HS,5,,,,,,,
TOI,156,Isolated,,25,George,3/29/2017,ZH,5,,,,,,,
TOT,157,Synchronic,2,25,George,3/31/2017,SF,5,"Game froze, didnt finish or take survey",no_guesses,,,,,
TOT,159,Diachronic,,25,Elaine,3/31/2017,SF,5,,,,,,,
TOT,158,Synchronic,2,25,Jerry,3/31/2017,SF,5,"Couldnt finish or take survey , game froze mid way through",no_guesses,,,,,
TOT,167,Diachronic,,25,Kramer,3/31/2017,SF,5,,,,,,,
TOT,171,Diachronic,,25,George,3/31/2017,SF,5,,,,,,,
TOT,172,Diachronic,,25,Elaine,3/31/2017,SF,5,,,,,,,
TOT,173,Diachronic,,25,Jerry,3/31/2017,SF,5,,,,,,,
TOT,174,Synchronic,2,25,Kramer,4/3/2017,HS,5,,,,,,,
TOT,175,Synchronic,2,25,George,4/3/2017,HS,5,,,,,,,
TOT,176,Synchronic,2,25,Kramer,4/3/2017,HS,5,,,,,,,
TOT,177,Synchronic,2,25,George,4/3/2017,HS,5,,,,,,,
TOT,178,Diachronic,,25,Kramer,4/4/2017,HS,5,,,,,,,
TOT,179,Synchronic,2,25,Kramer,4/4/2017,HS,5,Said he loved the game and wants to do it in his free time,,,,,,
TOT,180,Synchronic,2,25,George,4/4/2017,HS,5,,,,,,,
TOI,181,Isolated,,25,Kramer,4/5/2017,ZH,5,,,,,,,
TOI,182,Isolated,,25,George,4/5/2017,ZH,5,,,,,,,
TOI,183,Isolated,,25,Kramer,4/5/2017,ZH,5,,,,,,,
TOI,184,Isolated,,25,Kramer,4/7/2017,SF,5,,,,,,,
TOI,185,Isolated,,25,Kramer,4/7/2017,SF,5,Got frustrated but participated fully ,,,,,,
TOT,186,Diachronic,,25,George,4/11/2017,HS,5,Computer went off before end of the time,,,,,,
TOI,187,Isolated,,25,Kramer,4/12/2017,ZH,5,,,,,,,
TOI ,188,Isolated,,25,George,4/12/2017,ZH,5,,,,,,,
TOI,189,Isolated,,25,Elaine,4/12/2017,ZH,5,,,,,,,
TOI,190,Isolated,,25,Kramer,4/12/2017,ZH,5,,,,,,,
TOI,191,Isolated,,25,George,4/12/2017,ZH,5,,,,,,,
TOI,192,Isolated,,25,Elaine,4/12/2017,ZH,5,,,,,,,
TOI,193,Isolated,,25,Kramer,4/13/2017,MP,3,"Sat for ~5 minutes just staring at the screen, then basically just gave up in the end",,,,,,
TOT,195,Diachronic,,25,Kramer,4/14/2017,SF,5,,,,,,,
TOT,194,Diachronic,,25,George,4/14/2017,SF,5,,,,,,,
TOT,196,Diachronic,,25,Elaine,4/14/2017,SF,5,,,,,,,
TOT,197,Diachronic,,25,Kramer,4/14/2017,SF,5,,,,,,,
TOT,198,Diachronic,,25,Elaine,4/14/2017,SF,5,,,,,,,
TOT,199,Diachronic,,25,Elaine,4/18/2017,JR,5,,,,,,,
TOT,200,Diachronic,,25,Kramer,4/21/2017,SF,5,,,,,,,
TOT,201,Isolated,,25,kramer,4/21/2017,ZH,5,I accidently set them up as Isolated and didn't realize until 40 min later- they couldn't stay the whole time.,,error,,,,
TOT,203,Diachronic,,25,kramer,4/21/2017,ZH,5,"Set up another as Isolated, just like previous experiment, but got participant started on diachronic condition.",,,,,,
TOT,204,Synchronic,2,25,George,4/24/2017,JR,5,,,,,,,
TOT,205,Synchronic,2,25,Elaine,4/24/2017,JR,5,,,,,,,
TOT,206,Diachronic,,25,Jerry,4/24/2017,JR,5,,,,,,,
TOT,207,Diachronic,,25,kramer,4/25/2017,SF,5,,,,,,,
TOT,208,Diachronic,,25,George,4/25/2017,JR,5,,,,,,,
TOT,209,Diachronic,,25,kramer,4/27/2017,SF,5,,,,,,,
TOT,210,Diachronic,,25,Elaine,4/27/2017,SF,5,,,,,,,
TOT,211,Synchronic,2,25,Kramer,4/28/2017,HS,5,,,,,,,
TOT,212,Synchronic,2,25,George,4/28/2017,HS,5,,,,,,,
TOT,213,Diachronic,,25,Kramer,4/28/2017,HS,5,,,,,,,
TOT,214,Diachronic,,25,George,5/1/2017,HS,5,,,,,,,
TOT,215,Diachronic,,25,George,5/1/2017,HS,3,"Stopped trying after he finished making the items the ancestor made (ancestor had 1199 points, so that took up most of his time) ",,,,,,
TOT,216,Diachronic,,25,Elaine,5/1/2017,PE,3,Didn't get up to the same level as her ancestor,,,,,,
TOT,217,Diachronic,,25,Kramer,5/1/2017,PE,5,,,,,,,
TOT,218,Synchronic,2,25,Elaine,5/1/2017,PE,5,,,,,,,
TOT,219,Synchronic,2,25,Jerry,5/1/2017,PE,5,,,,,,,
TOT,220,Synchronic,2,25,Kramer,5/2/2017,HS,5,,,,,,,
TOT,221,Synchronic,2,25,George,5/2/2017,HS,5,,,,,,,
TOT,222,Diachronic,,25,Kramer,5/3/2017,SF,5,,,,,,,
TOT,223,Diachronic,,25,Elaine,5/3/2017,PE,5,,,,,,,
TOT,224,Diachronic,,25,Elaine,5/3/2017,PE,5,,,,,,,
TOT,227,Synchronic,2,25,Elaine,5/3/2017,PE,5,,,,,,,
TOT,228,Synchronic,2,25,Kramer,5/3/2017,PE,5,,,,,,,
TOT,231,Synchronic,4,25,Kramer,5/3/2017,ZH,5,,,,,,,
TOT,232,Synchronic,4,25,George,5/3/2017,ZH,5,,,,,,,
TOT,233,Synchronic,4,25,Elaine,5/3/2017,ZH,5,,,,,,,
TOT,234,Synchronic,4,25,Jerry,5/3/2017,ZH,5,,,,,,,
TOT,235,Diachronic,,25,Kramer,5/3/2017,ZH,5,,,,,,,
TOT,236,Diachronic,,25,Kramer,5/4/2017,MP,4,took out phone near the end after making good progress,,,,,,
TOT,237,Synchronic,2,25,Kramer,5/4/2017,SF,5,,,,,,,
TOT,239,Diachronic,,25,George,5/4/2017,SF,5,,,,,,,
TOT,238,Synchronic,2,25,Elaine,5/4/2017,SF,5,,,,,,,
TOT,240,Diachronic,,25,Jerry,5/4/2017,SF,5,,,,,,,
TOT,243,Synchronic,4,25,Kramer,9/12/2017,SF,5,,,,,,,
TOT,244,Synchronic,4,25,George,9/12/2017,SF,5,,,,,,,
TOT,245,Synchronic,4,25,Elaine,9/12/2017,SF,5,,,,,,,
TOT,242,Synchronic,4,25,Jerry,9/12/2017,SF,5,,,,,,,
TOT,246,Synchronic,2,25,Kramer,9/12/2017,SF,5,,,,,,,
TOT,247,Synchronic,2,25,George,9/12/2017,SF,5,,,,,,,
TOT,248,Synchronic,4,25,Kramer,9/13/2017,SF,5,,,,,,,
TOT,249,Synchronic,4,25,George,9/13/2017,SF,5,,,,,,,
TOT,250,Synchronic,4,25,Elaine,9/13/2017,SF,5,,,,,,,
TOT,251,Synchronic,4,25,Jerry,9/13/2017,SF,5,,,,,,,
TOT,253,Synchronic,2,25,Kramer,9/13/2017,SF,5,,,,,,,
TOT,254,Diachronic,,25,George,9/13/2017,SF,5,,,,,,,
TOT,252,Synchronic,2,25,Jerry,9/13/2017,SF,5,,,,,,,
TOT,255,Synchronic,4,25,Kramer,9/14/2017,SF,5,,,,,,,
TOT,256,Synchronic,4,25,George,9/14/2017,SF,5,,,,,,,
TOT,257,Synchronic,4,25,Elaine,9/14/2017,SF,5,,,,,,,
TOT,258,Synchronic,4,25,Jerry,9/14/2017,SF,5,,,,,,,
TOT,259,Synchronic,2,25,Kramer,9/14/2017,SF,5,,,,,,,
TOT,261,Synchronic,2,25,George,9/14/2017,SF,5,,,,,,,
TOT,260,Diachronic,,25,Elaine,9/14/2017,SF,5,,,,,,,
TOT,262,Diachronic,,25,Jerry,9/14/2017,SF,5,,,,,,,
TOI,263,Isolated,,25,Kramer,9/15/2017,SF,5,,,,,,,
TOI,264,Isolated,,25,George,9/15/2017,SF,5,,,,,,,
TOI,265,Isolated,,25,Elaine,9/15/2017,SF,5,,,,,,,
TOI,266,Isolated,,25,Kramer,9/15/2017,SF,5,,,,,,,
TOI,267,Isolated,,25,George,9/15/2017,SF,5,,,,,,,
TOI,268,Isolated,,25,Elaine,9/15/2017,SF,5,,,,,,,
TOT,269,Synchronic,2,25,Kramer,9/15/2017,SF,3,was playing with phone in the begining,,,,,,
TOT,270,Synchronic,2,25,George,9/15/2017,SF,5,,,,,,,
TOT,271,Diachronic,,25,Elaine,9/15/2017,SF,5,,,,,,,
TOT,272,Diachronic,,25,Jerry,9/15/2017,SF,5,,,,,,,
TOT,273,Synchronic,4,25,Kramer,9/15/2017,SF,5,,,,,,,
TOT,274,Synchronic,4,25,George,9/15/2017,SF,5,,,,,,,
TOT,275,Synchronic,4,25,Elaine,9/15/2017,SF,5,,,,,,,
TOT,276,Synchronic,4,25,Jerry,9/15/2017,SF,5,,,,,,,
TOT,277,Synchronic,2,25,Kramer,9/15/2017,SF,5,,,,,,,
TOT,278,Synchronic,2,25,George,9/15/2017,SF,5,,,,,,,
TOT,279,Diachronic,,25,Elaine,9/15/2017,SF,5,,,,,,,
TOT,280,Diachronic,,25,Jerry,9/15/2017,SF,5,,,,,,,
TOT,281,Synchronic,4,25,Kramer,9/18/2017,SF,5,,,,,,,
TOT,282,Synchronic,4,25,George,9/18/2017,SF,5,,,,,,,
TOT,283,Synchronic,4,25,Elaine,9/18/2017,SF,5,,,,,,,
TOT,284,Synchronic,4,25,Jerry,9/18/2017,SF,5,,,,,,,
TOT,285,Synchronic,4,25,Kramer,9/18/2017,SF,5,,,,,,,
TOT,286,Synchronic,4,25,George,9/18/2017,SF,5,,,,,,,
TOT,287,Synchronic,4,25,Elaine,9/18/2017,SF,5,,,,,,,
TOT,288,Synchronic,4,25,Jerry,9/18/2017,SF,5,,,,,,,
TOT,289,Synchronic,4,25,Kramer,9/19/2017,SF,5,,,,,,,
TOT,290,Synchronic,4,25,George,9/19/2017,SF,5,,,,,,,
TOT,291,Synchronic,4,25,Elaine,9/19/2017,SF,5,,,,,,,
TOT,292,Synchronic,4,25,Jerry,9/19/2017,SF,5,,,,,,,
TOT,293,Synchronic,4,25,Kramer,9/19/2017,SF,5,,,,,,,
TOT,294,Synchronic,4,25,George,9/19/2017,SF,5,,,,,,,
TOT,295,Synchronic,4,25,Elaine,9/19/2017,SF,5,,,,,,,
TOT,296,Synchronic,4,25,Jerry,9/19/2017,SF,5,,,,,,,
TOT,297,Diachronic,,25,Kramer,9/19/2017,SF,5,,,,,,,
TOT,298,Diachronic,,25,George,9/19/2017,SF,5,,,,,,,
TOT,299,Diachronic,,25,Elaine,9/19/2017,SF,5,,,,,,,
TOT,301,Synchronic,4,25,Kramer,9/25/2017,SF,5,,,,,,,
TOT,302,Synchronic,4,25,George,9/25/2017,SF,5,,,,,,,
TOT,303,Synchronic,4,25,Elaine,9/25/2017,SF,5,,,,,,,
TOT,304,Synchronic,4,25,Jerry,9/25/2017,SF,5,,,,,,,
TOT,305,Synchronic,4,25,Kramer,9/25/2017,SF,5,,,,,,,
TOT,306,Synchronic,4,25,George,9/25/2017,SF,5,,,,,,,
TOT,307,Synchronic,4,25,Elaine,9/25/2017,SF,5,,,,,,,
TOT,308,Synchronic,4,25,Jerry,9/25/2017,SF,5,,,,,,,
TOT,309,Synchronic,4,25,Kramer,9/25/2017,SF,5,,,,,,,
TOT,310,Synchronic,4,25,George,9/25/2017,SF,5,,,,,,,
TOT,311,Synchronic,4,25,Elaine,9/25/2017,SF,5,,,,,,,
TOT,312,Synchronic,4,25,Jerry,9/25/2017,SF,5,,,,,,,
TOT,313,Diachronic,,25,Kramer,9/25/2017,EG,5,,,,,,,
TOT,316,Diachronic,,25,George,9/26/2017,EG,5,,,,,,,
TOT,317,Diachronic,,25,Kramer,9/26/2017,CY,2,"Got frustrated at first, and playing phones during the break. He was guessing during last 10 min, and showed impatience. ",,,,,,
TOT,318,Synchronic,2,25,Kramer,9/27/2017,CY,5,unverified participant id,,,,,,
TOT,319,Synchronic,2,25,George,9/27/2017,CY,5,unverified participant id,,,,,,
TOT,320,Synchronic,4,25,Kramer,9/27/2017,SF,5,,,,,,,
TOT,321,Synchronic,4,25,George,9/27/2017,SF,5,,,,,,,
TOT,322,Synchronic,4,25,Elaine,9/27/2017,SF,5,,,,,,,
TOT,323,Synchronic,4,25,Jerry,9/27/2017,SF,5,,,,,,,
TOT,324,Synchronic,4,25,Kramer,9/27/2017,SF,5,,,,,,,
TOT,325,Synchronic,4,25,George,9/27/2017,SF,5,,,,,,,
TOT,326,Synchronic,4,25,Elaine,9/27/2017,SF,5,,,,,,,
TOT,327,Synchronic,4,25,Jerry,9/27/2017,SF,5,,,,,,,
TOT,328,Synchronic,4,25,Kramer,9/27/2017,SF,5,,,,,,,
TOT,329,Synchronic,4,25,George,9/27/2017,SF,5,,,,,,,
TOT,330,Synchronic,4,25,Elaine,9/27/2017,SF,5,,,,,,,
TOT,331,Synchronic,4,25,Jerry,9/27/2017,SF,5,,,,,,,
TOT,332,Synchronic,4,25,Kramer,9/28/2017,SF,5,,,,,,,
TOT,333,Synchronic,4,25,George,9/28/2017,SF,5,,,,,,,
TOT,334,Synchronic,4,25,Elaine,9/28/2017,SF,5,,,,,,,
TOT,335,Synchronic,4,25,Jerry,9/28/2017,SF,5,,,,,,,
TOT,336,Diachronic,,25,Kramer,9/28/2017,SF,5,,,,,,,
TOT,337,Diachronic,,25,George,9/28/2017,SF,5,,,,,,,
TOT,338,Diachronic,,25,Elaine,9/28/2017,SF,5,,,,,,,
TOT,339,Diachronic,,25,Jerry,9/28/2017,SF,5,,,,,,,
TOT,341,Synchronic,2,25,Kramer,9/29/2017,GH,5,didn't do survey ,,,,,,
TOT,342,Synchronic,2,25,George,9/29/2017,GH,5,didn't do survey ,,,,,,
TOT,343,Diachronic,,25,Elaine,9/29/2017,GH,5,didn't do survey ,,,,,,
TOT,356,Diachronic,,25,Kramer,10/2/2017,EG,5,,,,,,,
TOT,357,Diachronic,,25,Kramer,10/2/2017,CY,5,unverified participant id,,,,,,
TOT,358,Synchronic,4,25,Kramer,10/2/2017,CY,5,unverified participant id,,,,,,
TOT,359,Synchronic,4,25,George,10/2/2017,CY,5,unverified participant id,,,,,,
TOT,360,Synchronic,4,25,Elaine,10/2/2017,CY,5,unverified participant id,,,,,,
TOT,361,Synchronic,4,25,Jerry,10/2/2017,CY,5,unverified participant id,,,,,,
TOT,362,Diachronic,,25,Kramer,10/2/2017,CY,5,,,,,,,
TOT,363,Diachronic,,25,George,10/2/2017,CY,5,,,,,,,
TOT,364,Diachronic,,25,Elaine,10/2/2017,CY,3,got frustrated but participant fully,,,,,,
TOT,376,Diachronic,,25,Kramer,10/5/2017,EG,4,"got frustrated, asked for help",,,,,,
TOT,377,Diachronic,,25,George,10/5/2017,EG,4,"got frustrated, put head on desk",,,,,,
TOT,412,Diachronic,,25,Kramer,10/10/2017,SF,5,,,,,,,
TOT,413,Diachronic,,25,George,10/10/2017,SF,5,,,,,,,
TOT,414,Diachronic,,25,Elaine,10/10/2017,SF,4,,,,,,,
TOT,430,Diachronic,,25,Kramer,10/12/2017,SF,5,,,,,,,
TOT,431,Diachronic,,25,George,10/12/2017,SF,5,,,,,,,
TOT,432,Diachronic,,25,Elaine,10/12/2017,SF,5,Was unable to take the survey due to time,,,,,,
TOT,433,Diachronic,,25,Kramer,10/13/2017,CY,5,,,,,,,
TOT,434,Diachronic,,25,George,10/13/2017,CY,5,,,,,,,
TOT,435,Diachronic,,25,Elaine,10/13/2017,CY,5,,,,,,,
TOT,476,Synchronic,4,25,Jerry,10/17/2017,PE,5,,,,,,,
TOT,477,Synchronic,4,25,Elaine,10/17/2017,PE,5,Had difficulty reading the instructions,,,,,,
TOT,479,Synchronic,4,25,George,10/17/2017,PE,5,,,,,,,
TOT,478,Synchronic,4,25,Kramer,10/17/2017,PE,5,,,,,,,
TOT,480,Synchronic,4,25,Jerry,10/17/2017,PE,5,,,,,,,
TOT,481,Synchronic,4,25,Elaine,10/17/2017,PE,5,,,,,,,
TOT,482,Synchronic,4,25,George,10/17/2017,PE,5,,,,,,,
TOT,483,Synchronic,4,25,Kramer,10/17/2017,PE,5,,,,,,,
TOT,496,Synchronic,4,25,Kramer,10/19/2017,SF,5,,,,,,,
TOT,497,Synchronic,4,25,George,10/19/2017,SF,5,,,,,,,
TOT,498,Synchronic,4,25,Elaine,10/19/2017,SF,5,,,,,,,
TOT,499,Synchronic,4,25,Jerry,10/19/2017,SF,5,,,,,,,
TOT,500,Synchronic,4,25,Kramer,10/19/2017,SF,5,,,,,,,
TOT,501,Synchronic,4,25,George,10/19/2017,SF,5,,,,,,,
TOT,502,Synchronic,4,25,Elaine,10/19/2017,SF,5,,,,,,,
TOT,503,Synchronic,4,25,Jerry,10/19/2017,SF,5,,,,,,,
TOT,504,Diachronic,,25,Kramer,10/19/2017,SF,5,,,,,,,
TOT,505,Diachronic,,25,George,10/19/2017,SF,5,,,,,,,
TOT,506,Diachronic,,25,Elaine,10/19/2017,SF,5,,,,,,,
TOT,507,Diachronic,,25,Jerry,10/19/2017,SF,5,,,,,,,
TOT,537,Diachronic,,25,Kramer,10/24/2017,AHR,5,,,,,,,
TOT,538,Diachronic,,25,Kramer,10/24/2017,SF,5,,,,,,,
TOT,539,Diachronic,,25,George,10/24/2017,SF,5,,,,,,,
TOT,540,Synchronic,4,25,Kramer,10/24/2017,MP,5,,,,,,,
TOT,541,Synchronic,4,25,George,10/24/2017,MP,5,,,,,,,
TOT,542,Synchronic,4,25,Elaine,10/24/2017,MP,5,,,,,,,
TOT,543,Synchronic,4,25,Jerry,10/24/2017,MP,5,,,,,,,
TOT,544,Diachronic,,25,George,10/25/2017,MP,5,,,,,,,
TOT,555,Synchronic,4,25,Kramer,10/25/2017,GH,5, ,,,,,,
TOT,556,Synchronic,4,25,George,10/25/2017,GH,5,,,,,,,
TOT,557,Synchronic,4,25,Elaine,10/25/2017,GH,5,,,,,,,
TOT,558,Synchronic,4,25,Jerry,10/25/2017,GH,5,,,,,,,
TOT,559,Diachronic,,25,Kramer,10/30/2017,EG,5,,,,,,,
TOT,560,Diachronic,,25,George,10/30/2017,EG,5,,,,,,,
TOT,561,Diachronic,,25,George,10/30/2017,MP,5,SubjID on survey is 562,,,,,,
TOT,562,Diachronic,,25,Elaine,10/30/2017,MP,5,SubjID on survey is 561,,,,,,
TOT,563,Synchronic,4,25,Kramer,10/30/2017,MP,5,,,,,,,
TOT,564,Synchronic,4,25,George,10/30/2017,MP,5,,,,,,,
TOT,565,Synchronic,4,25,Elaine,10/30/2017,MP,5,,,,,,,
TOT,566,Synchronic,4,25,Jerry,10/30/2017,MP,5,,,,,,,
TOT,573,Diachronic,,25,Kramer,10/30/2017,EG,5,Experiment went long. Possibly ran as Isolated by accident?,,,,,,
TOT,574,Diachronic,,25,George,10/30/2017,EG,5,,,,,,,
TOT,575,Diachronic,,25,Elaine,10/30/2017,EG,5,,,,,,,
TOT,576,Synchronic,4,25,Kramer,10/31/2017,AHR,5,,,,,,,
TOT,577,Synchronic,4,25,George,10/31/2017,AHR,5,,,,,,,
TOT,578,Synchronic,4,25,Elaine,10/31/2017,AHR,5,,,,,,,
TOT,579,Synchronic,4,25,Jerry,10/31/2017,AHR,5,,,,,,,
TOT,580,Diachronic,,25,Kramer,10/31/2017,AHR,5,,,,,,,
TOT,581,Diachronic,,25,George,10/31/2017,AHR,5,,,,,,,
TOT ,582,Diachronic,,25,Elaine,10/31/2017,AHR,5,,,,,,,
TOT,583,Diachronic,,25,George,11/1/2017,EG,5,,,,,,,
TOT,584,Diachronic,,25,Elaine,11/1/2017,EG,5,,,,,,,
TOT,586,Diachronic,,25,George,11/1/2017,MP,5,not sure why there was no 585?,,,,,,
TOT,587,Diachronic,,25,Kramer,11/1/2017,MP,5,,,,,,,
TOT,588,Diachronic,,25,Kramer,11/2/2017,AHR,5,,,,,,,
TOT,589,Diachronic,,25,George,11/2/2017,AHR,5,,,,,,,
TOT,590,Diachronic,,25,Elaine,11/2/2017,AHR,5,,,,,,,
TOT,591,Diachronic,,25,Kramer,11/3/2017,EG,5,,,,,,,
TOT,592,Diachronic,,25,George,11/3/2017,EG,5,,,,,,,
TOT,593,Diachronic,,25,Elaine,11/3/2017,EG,5,,,,,,,
TOT,594,Diachronic,,25,Kramer,11/3/2017,GH,5,,,,,,,
TOT,595,Diachronic,,25,George,11/3/2017,GH,5,,,,,,,
TOT,596,Diachronic,,25,Elaine,11/3/2017,GH,5,,,,,,,
TOT,598,Diachronic,,25,George,11/3/2017,GH,5,,,,,,,
TOT,604,Diachronic,,25,Elaine,11/3/2017,GH,5,The first attempt was at running a two person synchronic. Both particpants started the instructions at the same time but the one in Jerry finished them earlier and was waiting for the person in Jerry to connect to the server but once Jerry finished the instructions both computers said that they were searching for a second person. So I closed out of totems and attempted to run it again fresh. The computer in Jerry connected to a game where there wasn't another player present and the computer in elaine was still trying to find a game to connect to. I restarted both participants again in the diachronic condition. ,,,,,,
TOT,605,Diachronic,,25,Jerry,11/3/2017,GH,5,"The first attempt was at running a two person synchronic. Both particpants started the instructions at the same time but the one in Jerry finished them earlier and was waiting for the person in Jerry to connect to the server but once Jerry finished the instructions both computers said that they were searching for a second person. So I closed out of totems and attempted to run it again fresh. The computer in Jerry connected to a game where there wasn't another player present and the computer in elaine was still trying to find a game to connect to. I restarted both participants again in the diachronic condition. 
",,,,,,
TOT,606,Diachronic,,25,Kramer,11/6/2017,EG,5,,,,,,,
TOT,607,Diachronic,,25,George,11/6/2017,EG,5,,,,,,,
TOT,608,Diachronic,,25,Elaine,11/6/2017,EG,5,,,,,,,
TOT,609,Diachronic,,25,Kramer,11/6/2017,MP,5,,,,,,,
TOT,610,Synchronic,4,25,Kramer,11/6/2017,SF,5,,,,,,,
TOT,611,Synchronic,4,25,George,11/6/2017,SF,5,,,,,,,
TOT,612,Synchronic,4,25,Elaine,11/6/2017,SF,5,,,,,,,
TOT,613,Synchronic,4,25,Jerry,11/6/2017,SF,5,,,,,,,
TOT,615,Synchronic,2,25,Kramer,11/6/2017,SF,5,,,,,,,
TOT,614,Synchronic,2,25,George,11/6/2017,SF,5,,,,,,,
TOT,616,Diachronic,,25,Elaine,11/6/2017,SF,5,,,,,,,
TOT,618,Diachronic,,25,Kramer,11/6/2017,AHR,5,,,,,,,
TOT,619,Diachronic,,25,George,11/6/2017,AHR,5,,,,,,,
TOT,620,Diachronic,,25,Kramer,11/7/2017,AHR,5,,,,,,,
TOT,621,Diachronic,,25,George,11/7/2017,AHR,5,,,,,,,
TOT,622,Diachronic,,25,Elaine,11/7/2017,AHR,5,,,,,,,
TOT,623,Synchronic,4,25,Kramer,11/8/0207,EG,5,,,,,,,
TOT,624,Synchronic,4,25,George,11/8/2017,EG,5,,,,,,,
TOT,625,Synchronic,4,25,Elaine,11/8/2017,EG,5,,,,,,,
TOT,626,Synchronic,4,25,Jerry,11/8/2017,EG,5,,,,,,,
TOT,627,Diachronic,,25,George,11/8/2017,MP,5,,,,,,,
TOT,628,Diachronic,,25,Kramer,11/8/2017,MP,5,,,,,,,
TOT,629,Synchronic,2,25,Kramer,11/8/2017,SF,5,,,,,,,
TOT,630,Synchronic,2,25,George,11/8/2017,SF,5,,,,,,,
TOT,631,Diachronic,,25,Elaine,11/8/2017,SF,5,,,,,,,
TOT,632,Synchronic,2,25,Kramer,11/8/2017,SF,5,,,,,,,
TOT,633,Synchronic,2,25,George,11/8/2017,SF,5,,,,,,,
TOT,634,Synchronic,4,25,Kramer,11/8/0207,CY,5,,,,,,,
TOT,635,Synchronic,4,25,George,11/8/2017,CY,5,,,,,,,
TOT,636,Synchronic,4,25,Elaine,11/8/2017,CY,5,,,,,,,
TOT,637,Synchronic,4,25,Jerry,11/8/2017,CY,5,,,,,,,
TOT,638,Synchronic,2,25,Kramer,11/8/2017,CY,5,,,,,,,
TOT,639,Synchronic,2,25,George,11/8/2017,CY,5,,,,,,,
TOT,640,Diachronic,,25,Elaine,11/8/2017,CY,5,,,,,,,
TOT,641,Synchronic,2,25,Kramer,11/8/2017,CY,5,,,,,,,
TOT,642,Synchronic,2,25,George,11/8/0207,CY,5,,,,,,,
TOT,643,Diachronic,,25,Elaine,11/8/2017,CY,5,,,,,,,
TOT,644,Diachronic,,25,Jerry,11/8/2017,CY,5,,,,,,,
TOT,645,Diachronic,,25,Kramer,11/9/2017,AHR,5,,,,,,,
TOT,646,Diachronic,,25,Kramer,11/9/2017,SF,5,,,,,,,
TOT,647,Synchronic,2,25,George,11/9/2017,SF,5,,,,,,,
TOT,648,Synchronic,2,25,Elaine,11/9/2017,SF,5,,,,,,,
TOT,649,Synchronic,4,25,Kramer,11/10/2017,SF,5,,,,,,,
TOT,650,Synchronic,4,25,George,11/10/2017,SF,5,,,,,,,
TOT,651,Synchronic,4,25,Elaine,11/10/2017,SF,5,,,,,,,
TOT,652,Synchronic,4,25,Jerry,11/10/2017,SF,5,,,,,,,
TOT,653,Synchronic,4,25,Kramer,11/10/2017,MP,5,,,,,,,
TOT,654,Synchronic,4,25,George,11/10/2017,MP,5,,,,,,,
TOT,655,Synchronic,4,25,Elaine,11/10/2017,MP,5,,,,,,,
TOT,656,Synchronic,4,25,Jerry,11/10/2017,MP,5,,,,,,,
TOT,657,Diachronic,,25,Kramer,11/10/2017,MP,5,,,,,,,
TOT,658,Diachronic,,25,George,11/10/2017,MP,5,,,,,,,
TOT,659,Diachronic,,25,Elaine,11/10/2017,MP,5,,,,,,,
TOT,660,Diachronic,,25,Kramer,11/10/2017,GH,5,,,,,,,
TOT,661,Synchronic,2,25,Elaine,11/10/2017,GH,5,,,,,,,
TOT,662,Synchronic,2,25,Jerry,11/10/2017,GH,5,,,,,,,
TOT,663,Synchronic,2,25,Kramer,11/10/2017,GH,5,,,,,,,
TOT,664,Synchronic,2,25,George,11/10/2017,GH,5,,,,,,,
TOT,665,Diachronic,,25,Elaine,11/10/2017,GH,5,,,,,,,
TOT,666,Diachronic,,25,Kramer,11/10/2017,GH,5,,,,,,,
TOT,667,Diachronic,,25,George ,11/10/2017,GH,5,,,,,,,
TOT,668,Diachronic,,25,Elaine,11/10/2017,GH,5,,,,,,,
TOT,669,Synchronic,2,25,Kramer,11/13/2017,SF,5,,,,,,,
TOT,670,Synchronic,2,25,Elaine,11/13/2017,SF,5,,,,,,,
TOT,671,Diachronic,,25,George,11/13/2017,SF,5,,,,,,,
TOT,672,Diachronic,,25,Jerry,11/13/2017,SF,5,,,,,,,
TOT,673,Synchronic,2,25,Kramer,11/13/2017,SF,5,,,,,,,
TOT,674,Synchronic,2,25,George,11/13/2017,SF,5,,,,,,,
TOT,675,Diachronic,,25,Elaine,11/13/2017,SF,5,,,,,,,
TOT,676,Diachronic,,25,Kramer,11/13/2017,AHR,5,,,,,,,
TOT,677,Synchronic,2,25,Kramer,11/14/2017,AHR,5,,,,,,,
TOT,678,Synchronic,2,25,George,11/14/2017,AHR,5,,,,,,,
TOT,679,Diachronic,,25,Elaine,11/14/2017,AHR,5,,,,,,,
TOT,680,Synchronic,2,25,Elaine,11/14/2017,AHR,5,,,,,,,
TOT,681,Synchronic,2,25,Jerry,11/14/2017,AHR,5,,,,,,,
TOT,682,Diachronic,,25,Kramer,11/15/2017,SF,5,,,,,,,
TOT,683,Diachronic,,25,George,11/15/2017,SF,5,,,,,,,
TOT,684,Synchronic,2,25,Kramer,11/15/2017,CY,5,,,,,,,
TOT,685,Synchronic,2,25,George,11/15/2017,CY,5,,,,,,,
TOT,686,Diachronic,,25,Elaine,11/15/2017,CY,5,,,,,,,
TOT,687,Diachronic,,25,Elaine,11/15/2017,CY,5,,,,,,,
TOT,688,Synchronic,2,25,George,11/15/2017,CY,5,,,,,,,
TOT,689,Synchronic,2,25,Kramer,11/15/2017,CY,5,,,,,,,
TOT,690,Diachronic,,25,Kramer,11/16/2017,SF,5,,,,,,,
TOT,691,Diachronic,,25,George,11/16/2017,SF,5,,,,,,,
TOT,692,Diachronic,,25,Elaine,11/16/2017,SF,5,,,,,,,
TOT,693,Synchronic,2,25,Kramer,11/17/2017,EG,5,,,,,,,
TOT,694,Synchronic,2,25,George,11/17/2017,EG,5,,,,,,,
TOT,695,Diachronic,,25,Elaine,11/17/2017,EG,5,,,,,,,
TOT,696,Synchronic,4,25,Kramer,11/17/2017,MP,5,,,,,,,
TOT,697,Synchronic,4,25,George,11/17/2017,MP,5,,,,,,,
TOT,698,Synchronic,4,25,Elaine,11/17/2017,MP,5,,,,,,,
TOT,699,Synchronic,4,25,Jerry,11/17/2017,MP,5,,,,,,,
TOT,700,Synchronic,4,25,Kramer,11/17/2017,GH,5,,,,,,,
TOT,701,Synchronic,4,25,George,11/17/2017,GH,5,,,,,,,
TOT,702,Synchronic,4,25,Elaine,11/17/2017,GH,5,,,,,,,
TOT,703,Synchronic,4,25,Jerry,11/17/2017,GH,5,,,,,,,
TOT,704,Diachronic,,25,Kramer,11/29/2017,EG,5,,,,,,,
TOT,705,Diachronic,,25,George,11/29/2017,EG,4,was sleepy and yawning alot,,,,,,
TOT,706,Diachronic,,25,Elaine,11/29/2017,EG,5,,,,,,,
TOT,707,Diachronic,,25,Kramer,12/1/17,EG,5,,,,,,,
TOT,708,Diachronic,,25,George,12/1/2017,EG,5,,,,,,,
TOT,713,Diachronic,,25,Kramer,12/1/2017,MP,5,number jump is due to synchronic settings not working so having to restart diacrhonic,,,,,,
TOT,714,Diachronic,,25,George,12/1/2017,MP,5,,,,,,,
TOT,715,Diachronic,,25,Elaine,12/1/2017,MP,5,,,,,,,
TOT,716,Diachronic,,25,Jerry,12/1/2017,MP,5,,,,,,,
TOT,717,Diachronic,,25,Kramer,12/1/2017,MP,5,,,,,,,
TOT,718,Synchronic,4,25,Kramer,12/1/2017,GH,5,,,,,,,
TOT,719,Synchronic,4,25,George,12/1/2017,GH,5,,,,,,,
TOT,720,Synchronic,4,25,Elaine ,12/1/2017,GH,5,,,,,,,
TOT,721,Synchronic,4,25,Jerry,12/1/2017,GH,5,,,,,,,
TOT,722,Diachronic,,25,Kramer,12/1/2017,GH,2,very tired and sleepy,,,,,,
TOT,723,Diachronic,,25,George,12/1/2017,GH,5,,,,,,,
TOT,724,Diachronic,,25,Elaine,12/1/2017,GH,5,,,,,,,
TOT,725,Diachronic,,25,Kramer,12/1/2017,GH,5,,,,,,,
TOT,726,Diachronic,,25,Elaine,12/1/2017,GH,2,got frustrated and was tired,,,,,,
TOT,727,Diachronic,,25,George,12/1/2017,GH,5,,,,,,,
TOT,747,Diachronic,,25,Kramer,12/4/2017,AHR,5,,,,,,,
TOT,748,Diachronic,,25,George,12/4/2017,AHR,5,,,,,,,
TOT,749,Diachronic,,25,Elaine,12/4/2017,AHR,5,,,,,,,
TOT,750,Diachronic,,25,Jerry,12/5/2017,AHR,5,did not complete survey,,,,,,
TOT,751,Diachronic,,25,Elaine,12/5/2017,AHR,5,did not complete survey,,,,,,
TOT,752,Diachronic,,25,George ,12/5/2017,AHR,5,did not complete survey,,,,,,
TOT,753,Diachronic,,25,Kramer,12/5/2017,SF,5,,,,,,,
TOT,754,Diachronic,,25,George,12/5/2017,SF,5,,,,,,,
TOT,755,Diachronic,,25,Elain,12/5/2017,SF,5,,,,,,,
TOT,777,Synchronic,2,25,Kramer,12/6/2017,CY,5,,,,,,,
TOT,778,Synchronic,2,25,George,12/6/2017,CY,5,,,,,,,
TOT,779,Diachronic,,25,Elain,12/6/2017,CY,5,,,,,,,
TOT,780,Diachronic,,25,Jerry,12/6/2017,CY,5,,,,,,,
TOT,781,Synchronic,4,25,Kramer,12/6/2017,CY,5,,,,,,,
TOT,782,Synchronic,4,25,George,12/6/2017,CY,5,,,,,,,
TOT,783,Synchronic,4,25,Elain,12/6/2017,CY,5,,,,,,,
TOT,784,Synchronic,4,25,Jerry,12/6/2017,CY,5,,,,,,,
TOT,785,Synchronic,4,25,Kramer,12/7/2017,AHR,5,,,,,,,
TOT,786,Synchronic,4,25,George,12/7/2017,AHR,5,,,,,,,
TOT,787,Synchronic,4,25,Elaine,12/7/2017,AHR,5,,,,,,,
TOT,788,Synchronic,4,25,Jerry,12/7/2017,AHR,5,,,,,,,
TOT,789,Diachronic,,25,Kramer,12/7/2017,AHR,5,,,,,,,
TOT,790,Diachronic,,25,George,12/7/2017,AHR,5,,,,,,,
TOT,791,Diachronic,,25,Elaine,12/7/2017,AHR,5,,,,,,,
TOT,792,Synchronic,4,25,Kramer,12/7/2017,SF,5,,,,,,,
TOT,793,Synchronic,4,25,George,12/7/2017,SF,5,,,,,,,
TOT,794,Synchronic,4,25,Elaine,12/7/2017,SF,5,,,,,,,
TOT,795,Synchronic,4,25,Jerry,12/7/2017,SF,5,,,,,,,
TOT,796,Synchronic,4,25,Kramer,12/7/2017,SF,5,,,,,,,
TOT,797,Synchronic,4,25,George,12/7/2017,SF,5,,,,,,,
TOT,798,Synchronic,4,25,Elaine,12/7/2017,SF,5,,,,,,,
TOT,799,Synchronic,4,25,Jerry,12/7/2017,SF,5,,,,,,,
TOT,833,Diachronic,,25,Kramer,12/12/2017,SF,5,,,,,,,
TOT,834,Diachronic,,25,George,12/12/2017,SF,5,,,,,,,
TOT,835,Synchronic,4,25,Kramer,12/12/2017,SF,5,,,,,,,
TOT,836,Synchronic,4,25,George,12/12/2017,SF,5,,,,,,,
TOT,837,Synchronic,4,25,Elaine,12/12/2017,SF,5,,,,,,,
TOT,838,Synchronic,4,25,Jerry,12/12/2017,SF,5,,,,,,,